Working title,Core question,Why someone clicks,Data source
"Why Your Credit Score Costs You $40,000 Over a Lifetime",How much does a lower credit score actually cost in extra interest across a lifetime of loans?,Concrete dollar figure tied to something everyone already has and worries about,myFICO loan savings calculator; Federal Reserve Survey of Consumer Finances
Why Your Rent Went Up More Than Your Paycheck,"Has rent actually outpaced wage growth over the last decade, and by how much?","Validates a feeling almost every renter already has, with real numbers behind it",BLS CPI - Rent of Primary Residence; BLS Employment Cost Index
The Hidden Reason Mortgage Rates Never Match the News Headline,Why does the 'average' mortgage rate reported in the news rarely match the rate people are actually quoted?,"Demystifies a confusing, widely-seen news headline",Freddie Mac Primary Mortgage Market Survey (PMMS); HMDA loan-level data
Why Car Insurance Got 20% More Expensive in Two Years,What actually drove the recent nationwide spike in auto insurance premiums?,"Recent, sharply felt pain point most viewers have personally experienced",BLS CPI - Motor Vehicle Insurance; NAIC state rate filings
The Real Reason Your Tax Refund Shrank,Why do refunds swing year to year even when income barely changes?,Confusing annual experience almost everyone has had and never understood,IRS Statistics of Income (SOI); IRS withholding tables
"How Much of Your Paycheck the Government Actually Takes, State by State",How does real effective tax burden (federal + state + payroll) compare across states?,Personal stakes plus a ready-made comparison/ranking hook,Tax Foundation state tax data; BLS Consumer Expenditure Survey
Why First-Time Homebuyers Are Nearly Extinct,"How has the share of first-time buyers changed over time, and why?",Taps directly into housing-market anxiety for millennials and Gen Z,"National Association of Realtors, Profile of Home Buyers and Sellers; Census Bureau housing data"
The Real Cost of Paying Only the Minimum on Your Credit Card,"How long does it really take, and what does it really cost, to pay off debt at the minimum payment?","Directly actionable with genuinely shocking, specific numbers",CFPB minimum payment disclosures; Federal Reserve Consumer Credit report (G.19)
Why Your Health Insurance Deductible Keeps Climbing,What's driving the multi-year rise in average employer health plan deductibles?,"Universal, under-explained frustration shared by most working adults",KFF Employer Health Benefits Survey; CMS National Health Expenditure data
The Math Behind Why Renting Might Beat Buying Right Now,"At today's rates and prices, when does the rent-vs-buy math actually favor renting?",Answers a real decision many viewers are actively facing right now,Case-Shiller Home Price Index; Freddie Mac PMMS; BLS Rent CPI
Why Your Insurer Can Raise Your Rate the Moment You File a Claim,"How do insurers use claims history to reprice risk, and how much does one claim really cost you long-term?",Feels unfair and secretive - curiosity plus a sense of injustice,NAIC rate filing data; state insurance department consumer guides
How Credit Card Companies Actually Make Their Money,"Where does credit card company revenue really come from - interest, fees, or interchange?","Behind-the-curtain business model curiosity, 'the game is rigged' appeal",CFPB Consumer Credit Card Market Report; Visa/Mastercard/issuer 10-K filings
Why Two People With the Same Income Get Wildly Different Mortgage Rates,"How much do credit score, down payment size, and loan type actually move your quoted rate?","Personal, actionable, and explains something viewers find opaque and unfair",HMDA loan-level data; Freddie Mac PMMS
The Real Reason Grocery Prices Never Went Back Down,Why doesn't inflation reverse even after the rate of price increases slows down?,One of the most common and persistent points of public confusion right now,BLS CPI - Food at Home; USDA Food Price Outlook
Why Your 401(k) Fees Are Quietly Eating Your Retirement,How much do small percentage-point differences in fund fees actually cost over 30 years?,Feels like a secret theft nobody ever warned them about - strong curiosity hook,Department of Labor 401(k) fee disclosure rules; Investment Company Institute fee studies
Why It's Nearly Impossible to Build Credit From Zero in America,"What actually makes starting with no credit history so hard, and how do people break in?","Speaks directly to immigrants, young adults, and the underbanked - underserved audience",CFPB credit invisibility reports; Experian State of Credit report
The Hidden Cost of a 7-Year Car Loan,"How much does stretching a car loan to 84 months really cost in interest, and why are lenders pushing it?",Increasingly common trend most viewers haven't stopped to do the math on,Federal Reserve Consumer Credit data; Cox Automotive/Edmunds loan term data
Why Your Landlord's Mortgage Rate Quietly Sets Your Rent,How directly do rising mortgage rates for landlords pass through into higher rent?,Surprising causal link between two things viewers wouldn't think are connected,Freddie Mac PMMS; BLS CPI Rent series; Zillow Observed Rent Index
Why Overdraft Fees Made Banks Billions Before Regulators Stepped In,"How do overdraft fees actually work, and why did they generate billions in bank revenue before new protections arrived?","Direct anger hook - a fee almost everyone has been hit by unexpectedly, now with real regulatory action behind it","CFPB overdraft rulemaking; bank 10-K earnings reports (JPMorgan Chase, Wells Fargo, Bank of America)"
Why Medical Debt Is About to Disappear From Millions of Credit Reports,"How does medical debt end up on a credit report in the first place, and what actually changes when it's removed?","Major recent policy shift affecting 15M+ people, with direct personal financial stakes",CFPB medical debt credit reporting rule; Urban Institute wealth & financial well-being research
"How Wage Garnishment Actually Works, and Why It Traps People in Poverty","What percentage of a paycheck can legally be seized, for which debts, and why does it push people deeper into poverty?",A frightening mechanic most people don't understand until it happens to them - strong curiosity plus stakes,US Dept of Labor wage garnishment rules (Consumer Credit Protection Act); state garnishment protection laws
Why Payday Loans Are Built for You to Never Pay Them Off,"How does the payday loan repayment structure actually work, and why does the average borrower stay stuck for months?",'Rigged system' framing with a strong sense of injustice - a proven high-engagement angle,"CFPB payday lending data; Journal of Family and Economic Issues, payday loan use research"
"Why 'Buy Now, Pay Later' Is Quietly Becoming Young People's Credit Card","How do BNPL services like Affirm actually make money, and what happens when a generation skips credit cards for them?",Timely and generational - targets a shift viewers are living through right now,CFPB Buy Now Pay Later market reports; Affirm and Klarna public filings
"Why an Eviction Follows You for Years, Even After You Pay What You Owe","How does an eviction record actually affect future housing and credit access, long after the original debt is settled?",High emotional stakes; explains a lasting consequence most people don't see coming,Eviction Lab (Princeton University); NBER working papers on eviction and poverty
Why a High-Yield Savings Account Pays 10x What Your Bank Gives You,"How do banks actually decide the interest rate on a savings account, and why is the gap between banks so large?",Immediately actionable - a concrete way to make more money doing nothing differently,FDIC national deposit rate data; individual bank rate disclosures
Why Your Car Loan Rate Can Be Double Someone Else's for the Same Car,"What actually determines an auto loan's interest rate, and how much can dealership financing quietly mark it up?",Personal and infuriating - mirrors real regret stories people already post about online,Federal Reserve Consumer Credit report (G.19); CFPB auto loan dealer markup reports
When You Actually Need a Financial Advisor (It's Not What You Think),Is there a real income or asset threshold where a financial advisor starts paying for themselves?,"One of the most frequently asked personal-finance questions online, rarely answered with real numbers",CFP Board research; NAPFA fee-only advisor cost studies
Why HSAs Are the Most Tax-Advantaged Account Most People Never Use,"How does an HSA's triple tax advantage actually work, and why is it so underused compared to a 401(k)?","'Secret hack' framing on a real, underused benefit many viewers already have access to",IRS HSA contribution limits and rules; Employee Benefit Research Institute (EBRI) HSA usage data
Why So Many Americans Are One Emergency Away From Debt,"How much of a financial cushion does the average household actually have, and what happens when it runs out?","Speaks directly to a widely shared anxiety, backed by hard survey data",Federal Reserve Survey of Consumer Finances; Federal Reserve Report on the Economic Well-Being of US Households
Why the Debt Avalanche Beats the Snowball (and Why People Still Pick Snowball),"Which debt payoff method actually saves more money, and why does psychology beat the math for most people?","A classic, endlessly debated personal-finance question with a clear, data-backed answer",Federal Reserve consumer credit data; behavioral finance research on debt repayment order
,,,
"All 30 rows filled - Phase 0.2 checkpoint met. Rows 19-30 sourced from r/personalfinance and r/povertyfinance discussion themes, CFPB/Federal Reserve policy data, and the same skeptical 'why is this happening' hook style used by How Money Works. Before locking in: skim for personal fit and re-check that each data source's specific series still exists before you automate against it.",,,
